pdb_id,split
1hbx_E,train
2ezv_B,train
6sh8_K,train
7qw6_A,train
7k9d_A,train
6em5_d,train
6v4x_D,train
7oi6_x,train
2adb_A,train
2p2r_A,train
7v9a_J,train
2jxi_A,train
2ief_A,train
7oi8_m,train
4v19_Q,train
4l8h_B,train
1dc1_B,train
4hp3_C,train
1jft_A,train
9gus_B,train
2bsq_E,train
4u7b_A,train
8yqz_B,train
6ybv_r,train
9fy0_V,train
9c4d_D,train
7y43_A,train
3ubt_A,train
2d6f_D,train
3oa6_B,train
7x5e_B,train
7oi6_y,train
2n8a_A,train
3jd5_n,train
1ng9_A,train
8fs6_G,train
8d8l_Y,train
9b7y_D,train
2gje_A,train
3eh8_G,train
8flj_B,train
4p9u_A,train
6nd4_g,train
6m6v_A,train
3er9_B,train
4ii9_A,train
8qpk_S,train
7r72_x,train
8fn2_X,train
2ve9_F,train
3pkm_X,train
8epx_D,train
4v7f_T,train
1r3e_A,train
9b2t_K,train
7tve_D,train
3pih_A,train
8d8l_Z,train
4n0o_C,train
8edg_A,train
6gkm_A,train
7pat_g,train
1knz_A,train
5iy7_M,train
1eqq_B,train
5wjq_D,train
5zey_C,train
3gp8_A,train
4kr6_A,train
1yyk_A,train
2drp_D,train
7qtt_Y,train
8qrk_V,train
8d8j_F,train
5x8r_n,train
7n3y_A,train
9esh_Y,train
8bas_A,train
8p8b_q,train
8ev3_C,train
7s01_D,train
2fy1_A,train
8zdc_p,train
8a0x_B,train
5mmi_K,train
3bm3_A,train
4uzb_B,train
1j2b_B,train
6px3_C,train
2qux_A,train
1jj2_V,train
1yvp_B,train
6bjv_A,train
8cbk_F,train
8dfv_A,train
6nd4_S,train
9gup_V,train
6k0b_C,train
1h2c_A,train
7pkq_j,train
7bdv_A,train
3jd5_N,train
7wts_3,train
1jt0_A,train
8yli_B,train
7v9a_D,train
7yey_A,train
3ow2_U,train
3lsp_A,train
3gpq_A,train
5y7m_A,train
1efa_B,train
7sgl_A,train
8b6z_A,train
6fqp_A,train
6u9x_D,train
6nd4_a,train
7qd6_D,train
5mmi_P,train
8css_8,train
8q7n_I,train
7scz_K,train
8yjz_D,train
1gm5_A,train
3r9x_A,train
1zme_D,train
2v0g_D,train
9g9c_B,train
3j7y_o,train
8yzs_A,train
4ifd_H,train
8kbf_B,train
7orl_A,train
8fn2_g,train
4fpv_B,train
9cpo_D,train
5d6g_A,train
7oi6_1,train
8r3g_D,train
3j7y_M,train
2bop_A,train
4uyk_A,train
8hwb_E,train
7ydw_C,train
2rqc_A,train
8r6y_A,train
9bw1_J,train
5ztm_A,train
8dq1_C,train
5flv_M,train
8zm3_B,train
7r78_A,train
6em5_m,train
2ajq_A,train
8uxq_A,train
4rdm_A,train
8e5t_6,train
1s72_Z,train
3epl_B,train
7r7c_q,train
5bud_A,train
1ffy_A,train
4v19_2,train
6ah3_H,train
2zi0_A,train
9c9w_A,train
2d3o_1,train
3w1k_E,train
6bzo_F,train
8jpx_B,train
2y9z_A,train
7p3f_D,train
2mxf_A,train
7mxw_Z,train
7wkv_A,train
1jj2_C,train
8s8k_B,train
8qrk_O,train
4pu4_D,train
3pt6_B,train
3oy9_A,train
7v6w_B,train
4uer_J,train
4abt_B,train
7v9a_B,train
3jb9_c,train
8fcw_T,train
7z6h_K,train
3ow2_X,train
3ktw_B,train
5xym_0,train
4j00_A,train
8byv_t,train
8d8l_C,train
8fuk_J,train
5zwn_a,train
7qtt_V,train
6tnz_A,train
4rcj_A,train
7zie_B,train
5xwy_A,train
2mkn_A,train
4wzw_A,train
7r9g_A,train
2imw_P,train
8fcv_P,train
7xpg_C,train
4er8_A,train
7qix_X,train
4ang_C,train
3e6c_C,train
6lmj_A,train
7lfq_A,train
4g0a_D,train
4wce_J,train
8pop_A,train
4f43_A,train
1jj2_P,train
5ool_d,train
2mgz_B,train
1hcr_A,train
2det_A,train
7apd_G,train
4nca_A,train
2zjp_Y,train
7r72_b,train
4gle_A,train
8hf0_A,train
7ygh_B,train
6bek_A,train
5vsu_B,train
5ool_f,train
4tzd_D,train
3jb9_D,train
7q94_A,train
8psn_B,train
4gcl_B,train
6em5_t,train
9fy0_C,train
4f1n_A,train
4v7f_O,train
3igm_B,train
4dkj_A,train
3jd5_k,train
2ccz_A,train
7wtt_K,train
4j1j_C,train
2q66_A,train
9dtr_D,train
8cvm_t,train
5elh_B,train
8cdv_H,train
3t5q_A,train
1vfc_A,train
7tve_F,train
1a34_A,train
4yg7_K,train
8wy5_B,train
7qaz_B,train
3a6p_F,train
8cah_p,train
6e0o_A,train
3zh2_C,train
2mru_B,train
3fdq_B,train
4rb3_C,train
8h8e_D,train
3jsp_A,train
2nbj_A,train
2bnw_B,train
6ah0_w,train
2j28_Y,train
6rti_A,train
3kfu_E,train
4hf1_A,train
5h1s_R,train
8ffz_C,train
7uws_E,train
7pkq_o,train
6dbj_B,train
3j7y_R,train
2np6_A,train
4v7f_k,train
7zoq_B,train
7y01_A,train
2kg1_A,train
3j7y_L,train
4jqd_E,train
7pkq_g,train
8p8b_s,train
2w2h_A,train
5aj3_d,train
3glf_G,train
4c2u_A,train
3j9x_z,train
8v1q_A,train
3wqy_A,train
4yig_A,train
5a2t_Y,train
7r6r_A,train
3j5l_X,train
8eg0_A,train
8d8l_U,train
9b8t_A,train
8ub7_A,train
5zwn_b,train
6znp_A,train
8s9t_B,train
4mtd_D,train
8x5d_N,train
2bgw_A,train
2a1r_A,train
8z79_B,train
4fzy_A,train
8v6j_C,train
8fn2_f,train
5mmi_1,train
2np2_B,train
8csr_K,train
8bf9_j,train
7x5e_E,train
3eyi_B,train
2gjw_A,train
5vpe_A,train
8p6p_B,train
8pw0_A,train
3uzs_A,train
2zuf_A,train
8d8k_Q,train
7a9w_A,train
8qrk_N,train
4i27_A,train
1co0_A,train
6tnn_I,train
6vm6_B,train
8cee_C,train
8hnt_C,train
4i6z_B,train
7wtw_w,train
3n6s_A,train
7t21_A,train
2dlc_X,train
8d8l_W,train
7q5b_B,train
7wnr_C,train
7pkq_O,train
8ok9_C,train
7st9_E,train
8yb6_J,train
7v9a_C,train
6cst_A,train
4d61_h,train
1g4d_A,train
2nqp_C,train
6spe_r,train
1nk2_P,train
7v9g_D,train
4v7f_e,train
8ptg_A,train
1p4e_B,train
6n7p_B,train
3rc8_A,train
9fy0_Z,train
5ool_i,train
8p8b_w,train
8do6_H,train
8i3q_A,train
7pdv_E,train
4jl3_C,train
5mmi_V,train
1jj2_S,train
8ok9_A,train
7eof_B,train
7abi_B,train
8p7d_A,train
3pdm_P,train
6p7p_C,train
3sz5_A,train
4pso_I,train
9bss_V,train
9gc3_C,train
4wzs_B,train
6v4x_G,train
7jyy_A,train
2wiw_B,train
5jb3_J,train
3j16_G,train
8xi2_N,train
8un0_A,train
2vy2_A,train
2h1o_A,train
8iss_D,train
6gv4_C,train
8btg_B,train
5jb3_A,train
9fso_Z,train
1wvl_A,train
4wzs_A,train
6qct_A,train
5jb3_R,train
7el3_A,train
5jvg_M,train
4dw7_A,train
4b8t_A,train
4rwn_A,train
6zvh_O,train
7qv9_M,train
6zxg_k,train
8oej_A,train
6c0f_8,train
2ost_B,train
8dy7_H,train
4wwc_B,train
4hdv_A,train
5zux_A,train
8xih_B,train
8fd2_H,train
8d8l_S,train
6nd4_H,train
7jvt_D,train
5elk_A,train
7pkq_m,train
6fzt_A,train
8p5q_A,train
8ab0_F,train
4i67_A,train
8q7n_X,train
6r2v_B,train
7vp3_C,train
6yal_R,train
3r2c_A,train
7pkq_z,train
2o5c_A,train
8up5_P,train
3clc_B,train
8yv8_K,train
2i2y_A,train
4al5_A,train
8up5_C,train
5vpe_B,train
2etw_A,train
8p8b_a,train
8d0k_D,train
1ivs_B,train
4kyw_A,train
8d8l_M,train
8ua7_G,train
8oki_G,train
3dpg_A,train
3spd_A,train
7oia_q,train
9ha4_D,train
8dw6_H,train
7et6_D,train
5l2l_F,train
8ane_G,train
7pkq_r,train
1rc8_A,train
7mrl_C,train
5a39_B,train
3veb_B,train
3u5z_B,train
1kx5_B,train
7r72_I,train
6snj_A,train
3gfi_A,train
6m7d_A,train
8i24_F,train
1l3l_A,train
8h40_Y,train
2z70_A,train
1asz_B,train
7pkq_x,train
8dy9_I,train
5xxu_m,train
5o7h_B,train
3l1p_A,train
3qmb_A,train
7zhh_A,train
2owo_A,train
7lj3_0,train
9g9a_H,train
7r8i_A,train
9fy0_G,train
4yo2_A,train
5dm7_F,train
8p6p_T,train
5jb3_P,train
5ool_a,train
7jhy_f,train
7acs_A,train
8hmy_A,train
2z33_A,train
3k4x_A,train
5an9_F,train
8ub7_B,train
5z3g_Q,train
7ndj_B,train
2ayg_B,train
8qu5_g,train
7pkq_i,train
1le8_A,train
7uy7_A,train
8x6g_H,train
3m7n_E,train
8rxd_C,train
1i94_R,train
8tlq_B,train
4lox_A,train
4pkd_B,train
2gje_D,train
1qp9_A,train
8a5q_U,train
7jqb_F,train
7r97_B,train
2adc_A,train
5box_A,train
4fx4_B,train
8d0k_B,train
1d02_B,train
3j81_m,train
7qqk_D,train
2opf_A,train
8ghu_A,train
3jd5_C,train
8b0i_D,train
4yg1_A,train
4ou6_A,train
1eiy_A,train
6ah3_C,train
4v19_S,train
8ag6_A,train
2fio_A,train
5opt_i,train
7mi4_A,train
2yvh_B,train
4bxo_B,train
6v4x_J,train
4rul_A,train
7f36_A,train
7cuh_A,train
3add_A,train
4kny_B,train
1wte_B,train
7dic_A,train
3cvv_A,train
1l1c_B,train
1h88_B,train
3o3f_A,train
1y6f_A,train
5dm6_1,train
6o04_D,train
7pzb_A,train
8y7e_v,train
7dvq_I,train
8ewg_A,train
3rw6_A,train
8pe3_A,train
2azx_B,train
6nd4_U,train
8p8b_b,train
7z42_B,train
7qdy_A,train
6zvh_R,train
8p8b_1,train
3w3s_A,train
3al0_B,train
8efv_B,train
9d85_K,train
5fmf_X,train
9fcv_A,train
7sbb_H,train
4hor_A,train
8etc_V,train
2j28_N,train
7xi3_B,train
6tpq_B,train
7z5a_A,train
2wj8_N,train
3jd5_b,train
8x6d_B,train
5zwn_U,train
2vtb_A,train
3jd5_G,train
4nqa_H,train
3ey1_A,train
4cgz_A,train
6em5_r,train
2bam_B,train
5n8o_A,train
4js4_A,train
7sgl_B,train
7oqe_R,train
8csu_6,train
7vp2_A,train
8sny_A,train
5yws_B,train
6ppp_P,train
2qqp_F,train
5vsu_F,train
3moj_B,train
8fn2_U,train
7aw9_D,train
3fhz_D,train
5cd4_I,train
6tnn_b,train
1oe4_A,train
1sxq_B,train
6wub_f,train
8d8k_N,train
6hb4_A,train
3bt7_B,train
8emh_B,train
4qei_A,train
5fn1_A,train
5o60_R,train
2ex5_B,train
8r57_Q,train
1v15_B,train
7wtu_z,train
8iqi_C,train
7uik_U,train
8d8l_3,train
8sj7_A,train
9dtr_e,train
6v4x_I,train
4uyk_B,train
8h1t_L,train
5zwn_Q,train
6dgd_A,train
1bmv_2,train
8iht_K,train
6wua_n,train
2ogm_B,train
5dqz_B,train
7xvm_U,train
2q2u_D,train
4yco_A,train
4kdp_D,train
6ahr_G,train
5mmj_f,train
1t2t_A,train
8d8j_0,train
5jpq_g,train
2y9z_B,train
8p03_L,train
7v6c_B,train
8ppk_j,train
8urq_B,train
5mmj_y,train
7e8o_A,train
4rdx_A,train
2flc_A,train
7of0_G,train
7o4i_R,train
1yfi_B,train
7q4l_A,train
7z0o_D,train
5jpq_0,train
4kzx_b,train
3ugm_A,train
8ka5_A,train
8bh7_A,train
4hc7_A,train
2d5v_A,train
8fn2_H,train
8fd2_A,train
3j7y_1,train
1mwi_A,train
6i52_B,train
8yvb_A,train
1yf3_A,train
3j7y_e,train
8qrl_D,train
3orc_A,train
8txx_K,train
4oog_A,train
8qu5_u,train
8uuc_A,train
7pkq_C,train
3kle_A,train
4ass_H,train
2az0_B,train
3hqg_A,train
4ecw_A,train
8tl0_I,train
8j71_A,train
9ash_A,train
8fn2_J,train
5vsu_A,train
5gan_B,train
8rw1_g,train
6eml_p,train
6nd4_W,train
4oau_C,train
1vrr_A,train
9bha_A,train
7wkp_A,train
5mmi_T,train
3j7y_r,train
4l62_A,train
7uo5_A,train
5cg9_A,train
6ozj_B,train
4iqj_D,train
2qhb_A,train
5z3g_N,train
5zg9_A,train
8xi2_M,train
1llm_C,train
1fjg_Q,train
8qrl_8,train
8zm3_D,train
1tez_D,train
6i52_C,train
6fke_A,train
8ag6_B,train
8tp8_D,train
8tof_G,train
8af0_B,train
1z9c_C,train
4v19_Y,train
2q2k_A,train
6yl2_B,train
8cbk_E,train
8x5d_G,train
6k4y_I,train
8d8l_6,train
5aka_Z,train
5jb3_X,train
3amt_A,train
9bkd_U,train
4dav_B,train
5x8r_r,train
6em5_b,train
8vzl_A,train
7yul_A,train
8ev3_K,train
8qrk_Z,train
8sxu_A,train
1u6p_A,train
3mfk_A,train
3fd2_A,train
7qqd_B,train
2zni_B,train
7pkq_f,train
7bjq_B,train
8p8b_r,train
7y7q_A,train
5ff8_A,train
8h3v_S,train
8fw7_D,train
8u8l_B,train
6em5_X,train
8yb6_G,train
5vsu_H,train
8z9h_C,train
6wub_l,train
2z3x_C,train
7r6k_l,train
2xzl_A,train
8byv_A,train
7zap_A,train
8omr_B,train
1zlk_B,train
1cbv_H,train
8z3k_B,train
2a3v_B,train
4mgu_A,train
6ogz_A,train
2mkk_A,train
7ele_A,train
7v2q_D,train
5udz_A,train
4p0s_H,train
2mf8_A,train
5jpq_i,train
5mmi_Z,train
7w5a_2,train
1u8r_H,train
5or5_A,train
8s9x_A,train
4afy_B,train
2y35_A,train
8bmw_N,train
7kbf_K,train
7pvk_D,train
4ba2_A,train
1uon_A,train
8osk_M,train
3wbm_A,train
2glo_A,train
4v19_T,train
5bmz_D,train
8k25_A,train
8gj0_A,train
3j5s_D,train
2ypb_B,train
6sw9_N,train
2rkj_N,train
7oa5_B,train
8q3w_J,train
1dh3_A,train
8ua7_F,train
4v19_1,train
6j6g_C,train
2ct8_A,train
3jx7_A,train
4dm0_A,train
6a5n_A,train
6fai_k,train
3sm4_C,train
4hqx_A,train
7apd_C,train
7npf_C,train
8q7v_D,train
5jvg_U,train
1akh_B,train
8h1b_B,train
7gat_A,train
3ngo_A,train
2y7h_C,train
1aq3_A,train
7s01_c,train
4a12_B,train
2h3c_B,train
3zn8_M,train
2j28_1,train
5u4j_v,train
7pkq_c,train
7cxm_E,train
7pat_t,train
5jpq_d,train
7ve5_B,train
6zvh_A,train
9ey1_E,train
4nqa_I,train
7slp_A,train
2xc7_A,train
4r8p_L,train
9fy0_B,train
3j8g_X,train
4gcw_A,train
9ene_A,train
4jvy_A,train
7amv_K,train
6nd4_N,train
2h27_A,train
8acc_A,train
7q4o_F,train
6sw9_F,train
1jj2_A,train
1ddl_A,train
1w36_B,train
3zc0_I,train
5ean_A,train
6w6v_G,train
1l9a_A,train
7c06_A,train
6zxg_j,train
8qrn_7,train
8r7c_F,train
7s01_A,train
8kie_y,train
3deg_C,train
8ebw_H,train
6zu9_M,train
6k32_A,train
6lvr_C,train
7evo_D,train
8unf_A,train
6s16_B,train
4ohz_A,train
3e54_B,train
1k8w_A,train
1dp7_P,train
7wtt_q,train
3vok_A,train
8s9u_D,train
1iaw_B,train
4lb5_B,train
2uzk_A,train
4v19_I,train
4jzv_A,train
1b2m_B,train
5d8f_B,train
6nd4_L,train
3a01_A,train
1h4s_A,train
7zgr_F,train
1oup_A,train
3auo_A,train
6ppn_D,train
2ihn_A,train
2fcc_B,train
7n0c_B,train
8ity_4,train
5c9h_A,train
6s6b_H,train
8cvm_f,train
6wu9_6,train
8d8l_J,train
9fy0_W,train
3vh0_D,train
2hvs_B,train
4lvl_A,train
8axb_A,train
3wgi_D,train
8s4t_C,train
4hqb_A,train
8j7r_B,train
6p4g_E,train
7pkq_d,train
1jbt_B,train
7oar_A,train
1mdy_A,train
4oi8_B,train
2oeh_A,train
7das_A,train
3cro_L,train
6x73_A,train
7amn_A,train
5k0y_T,train
8e5d_A,train
1pp8_M,train
1fok_A,train
1sfu_B,train
2du3_A,train
1hht_P,train
3zvm_A,train
1jj2_K,train
7kik_A,train
8csq_a,train
2bh2_A,train
1u78_A,train
5u4j_w,train
5cd4_A,train
1tn9_A,train
1kx5_A,train
7zke_E,train
8clj_F,train
3zkc_B,train
8df7_A,train
6em5_J,train
1zbh_A,train
2k1n_D,train
3khc_B,train
6zdu_A,train
5mmi_4,train
7ef9_A,train
1mzp_A,train
9fs6_b,train
4v7f_l,train
7n94_B,train
1nlw_A,train
3jd5_U,train
1jj2_W,train
8qpb_7,train
7dvq_9,train
5x8r_t,train
8w1o_K,train
8gme_A,train
8etg_S,train
4z0c_D,train
6em5_s,train
3h25_A,train
2i0q_A,train
8aw3_3,train
2mz1_A,train
7c7a_K,train
1r8d_A,train
8dzk_E,train
4p4o_A,train
2k7f_A,train
7xq5_B,train
9h3q_C,train
1mjq_J,train
1eyu_A,train
7yhq_A,train
8gbj_X,train
3knt_A,train
4v19_5,train
7obb_A,train
8cah_z,train
1a0a_B,train
7s01_d,train
6sic_I,train
6sxb_G,train
7jk4_G,train
1kx5_H,train
7ozs_A,train
4pe8_A,train
8k0k_B,train
6nbj_B,train
5a2q_w,train
7jk3_C,train
7ol9_B,train
8d8l_D,train
8clj_H,train
3j16_F,train
8oiv_A,train
9jpj_K,train
7qh7_j,train
1odh_A,train
4r24_B,train
7pkq_e,train
5h8w_A,train
1jfi_B,train
5lj5_v,train
8q7d_p,train
2gkd_A,train
1w36_C,train
6r5k_A,train
3f2b_A,train
7vki_A,train
6y42_B,train
9baq_A,train
8aan_A,train
8dr1_D,train
7of0_E,train
1bdt_B,train
3ks8_B,train
4unc_D,train
2lt7_A,train
5oc6_A,train
3hqf_A,train
5vsu_C,train
5xyi_Z,train
8j0r_A,train
8rw1_k,train
3mlp_A,train
8d4b_A,train
8qz8_A,train
6zxf_z,train
6ama_Y,train
3s4g_A,train
4w9m_I,train
8tje_A,train
5mmj_e,train
4v7f_U,train
3zhm_A,train
7cy6_A,train
4rkh_D,train
7tn2_W,train
7s7c_B,train
6ybs_a,train
6lxd_A,train
3f21_A,train
4on0_A,train
8bmw_M,train
3c46_A,train
6c0f_A,train
5anc_K,train
4v7f_g,train
6m75_A,train
6c0f_u,train
8bmw_L,train
7zp8_z,train
8d8l_T,train
7r5s_L,train
7zvx_B,train
8flj_M,train
7lt5_B,train
8kgn_A,train
8k0k_A,train
7jk5_D,train
5ool_U,train
1kqq_A,train
7a18_H,train
5en1_A,train
7ye1_G,train
4p0q_A,train
8c7u_D,train
1ig4_A,train
1tw8_A,train
6xn3_C,train
5z7d_B,train
8ua7_E,train
5h1s_J,train
7dvv_B,train
3snp_A,train
8pu0_C,train
3al0_C,train
3gz6_B,train
6k0b_F,train
5osg_P,train
5iwa_T,train
8wpe_A,train
3on0_A,train
9g9b_G,train
7xq5_A,train
7txc_E,train
4n2q_A,train
2a6o_A,train
6ycq_A,train
1feu_D,train
4v19_0,train
1lwt_A,train
9asp_B,train
7dcj_B,train
5nnu_A,train
7r5s_T,train
8w2q_C,train
6s0m_B,train
6z6p_M,train
7r72_w,train
9cer_P,train
3rtj_A,train
3a46_A,train
7bcb_B,train
1ea4_F,train
7ecv_J,train
7pwf_L,train
8uru_F,train
5zwo_v,train
1zs4_A,train
8etj_s,train
7chd_C,train
7m5w_A,train
8csr_I,train
5w1h_A,train
3qoq_A,train
6ahu_C,train
6s6b_J,train
6m6r_A,train
4fvu_A,train
4xls_N,train
4ne1_p,train
2hzv_H,train
4v7f_d,train
9gc3_B,train
8f6b_F,train
6zce_q,train
7ywx_W,train
7w5a_1,train
8eup_x,train
5zdz_C,train
7dv2_A,train
6o6p_A,train
1pfi_B,train
8coo_A,train
4csf_K,train
6zvi_T,train
7a5p_p,train
5opt_P,train
6aay_A,train
6nd4_J,train
7r6k_7,train
8pi9_B,train
7xk1_C,train
5ool_9,train
8gwe_A,train
5ld2_D,train
4v7f_f,train
4v19_7,train
3lwh_A,train
2mqq_A,train
1jmc_A,train
8fuk_H,train
3kde_C,train
3i64_B,train
2aor_B,train
6n7p_D,train
8wif_w,train
7ubu_A,train
8ua7_H,train
7scq_B,train
4gdf_F,train
1je8_E,train
7oyr_A,train
5mmj_x,train
7zsa_6,train
8yey_A,train
2o61_A,train
1f7v_A,train
8oy8_A,train
4o26_A,train
8qu5_8,train
7x76_N,train
6d1v_B,train
8d8k_V,train
4v7f_n,train
2c9l_Y,train
5x8t_0,train
3m7k_A,train
4par_A,train
4yvi_B,train
8qu5_K,train
8dr5_A,train
4v7f_Q,train
3j7y_F,train
6s8b_B,train
5h1s_g,train
9bf5_C,train
4ix7_B,train
1r2y_A,train
3j7y_T,train
8y7g_B,train
6c0f_F,train
4hqe_B,train
8yo4_D,train
1lq1_C,train
5l1z_D,train
8bgu_B,train
8yo4_A,train
4xvi_A,train
3rmp_A,train
7obq_y,train
7pkq_q,train
1c9s_M,train
3icq_B,train
2om7_L,train
6o7k_5,train
7bl5_7,train
8p6p_A,train
4r8i_A,train
8q7n_K,train
8v1q_B,train
4r28_C,train
5lj3_F,train
1yj9_2,train
5t16_A,train
8d8l_5,train
2mf0_A,train
2zxu_A,train
8var_G,train
6mur_D,train
3udg_B,train
7qen_A,train
6id1_U,train
4zsf_A,train
8p6p_E,train
4yy3_Y,train
7kha_B,train
7d98_P,train
8p8b_z,train
9g8n_K,train
3v9x_B,train
1d6k_A,train
3c25_A,train
7obq_z,train
7pkq_b,train
8hj4_C,train
3aaf_B,train
3jd5_L,train
3oha_A,train
2fo1_A,train
5vvj_F,train
7f2f_B,train
8dfs_A,train
6icz_A,train
9c3s_A,train
1mje_A,train
6i2n_D,train
6okk_Y,train
6s0k_h,train
8qh3_A,train
7pik_C,train
4rib_B,train
8qpk_R,train
6exn_Y,train
7xm0_A,train
1xsd_A,train
6sce_A,train
8k4l_A,train
9j8p_A,train
5bz1_A,train
4erd_B,train
4tug_A,train
7dvq_K,train
7oue_A,train
8gbj_C,train
7mw8_C,train
3q1r_A,train
4bs2_A,train
6xzq_A,train
6v4x_H,train
5cqq_B,train
3u3w_B,train
4kzx_a,train
7zgr_B,train
8qa9_C,train
8csp_9,train
6yhs_U,train
5c0w_K,train
1r71_B,train
4wb2_C,train
8i88_B,train
6ppq_F,train
5j0n_F,train
1rgo_A,train
4ne1_n,train
8xz3_H,train
4l0z_A,train
3ex7_I,train
2n3o_A,train
4ndf_A,train
5zet_1,train
5guh_A,train
5mmi_X,train
1h3e_A,train
7r72_p,train
8qrk_0,train
6em5_w,train
5nw5_B,train
5a79_A,train
7edx_Q,train
9mrd_A,train
1am9_C,train
6gh5_C,train
8ki7_A,train
2mqo_A,train
8d8k_P,train
8s1u_V,train
3k57_A,train
6g99_B,train
6pcm_A,train
5jb3_Q,train
9c4g_w,train
2v1u_A,train
7r6q_G,train
8cww_P,train
2wwb_A,train
1wz2_B,train
6ybw_z,train
7dvq_Y,train
4dpv_Z,train
1hbx_G,train
8csu_7,train
4v7f_N,train
5jb3_H,train
7r7c_a,train
6upk_G,train
6zvh_y,train
3o9x_B,train
6c0f_v,train
4n48_B,train
3imb_D,train
3u2e_A,train
2y7h_A,train
1d2i_A,train
4qoz_C,train
1f6o_A,train
5uz4_Z,train
8q3z_B,train
5i50_B,train
8qrk_L,train
3j45_y,train
5xsp_A,train
3zda_A,train
4yj0_B,train
8xi2_T,train
6ny6_Y,train
7cvo_A,train
2j37_W,train
7ujl_A,train
6w6v_F,train
5b7j_A,train
8qu5_3,train
3qjj_A,train
1y69_8,train
6az1_a,train
5me0_F,train
7pkq_P,train
4k1g_A,train
4qqw_A,train
8d3p_E,train
4d5l_I,train
8xz3_I,train
1cwp_C,train
1t2k_D,train
7qde_B,train
7of0_C,train
9esi_y,train
5y7q_A,train
6dzk_Y,train
9esh_P,train
2c5r_F,train
6xlv_A,train
6em5_z,train
9c5g_B,train
8ftm_B,train
4ht4_A,train
2b9s_B,train
2uwm_B,train
3ra9_A,train
8iht_N,train
8jh1_B,train
8g0h_C,train
8ffz_A,train
3ukg_A,train
9g8p_M,train
6ogz_E,train
3oqg_A,train
1yfh_A,train
7k98_E,train
7c79_L,train
1cw0_A,train
8bmw_J,train
6on0_B,train
9f7g_A,train
4a0b_A,train
8bpr_A,train
4nhj_A,train
8eup_3,train
6j6g_P,train
8g57_K,train
8a0x_D,train
6asb_I,train
8vct_X,train
2ok0_L,train
5cd4_H,train
9gmx_A,train
2gtt_K,train
1dmu_A,train
8psn_C,train
3jd5_m,train
9c3i_S,train
7sbb_G,train
2h7f_X,train
1f8v_A,train
4x9e_A,train
6n7r_C,train
7st9_A,train
3o8r_A,train
8ibz_C,train
9esi_b,train
4qu6_A,train
8swc_A,train
4lgt_A,train
8joz_A,train
7edb_A,train
6zhe_C,train
7uj1_B,train
8bf8_A,train
8fti_A,train
7ozs_F,train
8rkv_R,train
5chi_A,train
8d8l_X,train
1ysh_C,train
6ahu_H,train
7b0c_B,train
5gnj_B,train
8kbc_B,train
5nwa_A,train
5w35_A,train
1xs9_A,train
8s9v_C,train
8rwv_E,train
3tag_A,train
6ww6_B,train
7lh9_B,train
8g9t_A,train
1nzb_A,train
7wts_5,train
7wq5_A,train
8ow4_B,train
4fth_A,train
8ppv_A,train
6y4b_A,train
1hlv_A,train
1xpx_A,train
3j16_B,train
9bgk_E,train
2er8_A,train
8wq5_D,train
6v7b_W,train
8p6p_x,train
1b94_A,train
6id1_Q,train
8qrk_H,train
6nmd_B,train
3l2p_A,train
8g0z_F,train
2l41_A,train
7pkq_w,train
5t5k_B,train
8vxy_B,train
5o60_W,train
8d8l_K,train
8w2p_B,train
4jyz_A,train
3agv_B,train
8iue_P,train
2mna_A,train
8eti_A,train
7pkq_k,train
7w5a_b,train
1xhz_A,train
3ogd_A,train
4ljr_B,train
9fy0_c,train
9bw1_N,train
4aij_B,train
8xvb_H,train
5yj3_C,train
3q2t_A,train
8qu5_s,train
6zy7_B,train
1wpu_A,train
8j26_C,train
8z8x_B,train
3j16_A,train
6ahu_D,train
8vaj_A,train
4ni7_A,train
7r72_n,train
3mx4_A,train
7qen_D,train
2bpa_1,train
6ybw_y,train
7et4_D,train
4i2o_B,train
1w2b_5,train
4xqk_A,train
8bmw_I,train
6dzk_r,train
2d7d_A,train
8eti_5,train
5ool_4,train
2oaa_B,train
2qa4_G,train
8rpx_D,train
3iv5_B,train
1s40_A,train
7dpe_A,train
2dpd_B,train
7xpx_K,train
5jb3_O,train
2jlu_A,train
7w5a_z,train
8k86_A,train
8ppk_f,train
8xi2_I,train
8id2_A,train
8vcj_B,train
6ys3_z,train
8fn2_a,train
7v9a_I,train
3gqc_B,train
8p8b_m,train
5mlc_3,train
8d8l_A,train
2gb7_B,train
4lln_J,train
1a1t_A,train
1qf6_A,train
4rqe_A,train
8yjz_H,train
6ahr_F,train
8fd2_B,train
8etj_z,train
8p6p_S,train
7ub2_N,train
7u2b_B,train
8bh9_A,train
7om6_B,train
8qu5_b,train
3jxb_C,train
8axf_D,train
6x1b_A,train
8ity_W,train
7mi4_E,train
8udk_A,train
8etc_h,train
8hio_A,train
7sr6_F,train
4o8j_B,train
8s9u_E,train
7mjy_A,train
8ptx_A,train
8hvr_I,train
2xs2_A,train
4mde_A,train
7vpx_O,train
7ysf_A,train
4ux5_B,train
7rgu_G,train
7og0_B,train
8p8b_X,train
6c0f_z,train
4kis_A,train
4kzx_E,train
7pds_D,train
7svu_X,train
7u1t_A,train
7las_E,train
9c4g_r,train
7mdl_A,train
7zlq_B,train
7r72_k,train
8bf9_Y,train
8fn2_d,train
7qtt_N,train
8yzt_C,train
8xc1_A,train
8f5g_C,train
8th9_A,train
5cd1_D,train
4m6d_K,train
6icz_M,train
8sln_A,train
4b3g_A,train
4q4z_D,train
4e68_A,train
6tmf_c,train
7nad_5,train
8jcc_H,train
7aqc_R,train
3vjr_C,train
6neq_z,train
3zi5_D,train
7c45_A,train
8g9t_K,train
4x4r_A,train
8tlk_A,train
7vjm_A,train
3pla_A,train
8p0u_A,train
1mow_A,train
6j6g_c,train
4c9d_A,train
7n8n_D,train
4wj3_M,train
5mmi_S,train
8d8l_R,train
8ity_V,train
7z0o_E,train
5opt_Q,train
8d8j_H,train
6mur_B,train
2e52_A,train
3hxq_A,train
5ccb_B,train
5mmj_i,train
3icq_T,train
4zlr_A,train
8sok_D,train
7k04_7,train
6l1w_A,train
8pzp_A,train
4lmg_B,train
8wnd_A,train
4ihs_B,train
8p6p_N,train
6az1_Y,train
8cx2_G,train
4v7f_J,train
4qil_A,train
1n6j_A,train
5dar_C,train
8ovw_I,train
8d8l_O,train
3j3w_5,train
3s6i_D,train
6okk_b,train
6nd4_Z,train
5yki_A,train
5an9_A,train
2dnj_A,train
1u0b_B,train
6nd4_O,train
1fjg_H,train
6is0_A,train
2h8c_B,train
8amu_F,train
8q72_N,train
3fmt_A,train
2oxv_A,train
3j7y_Z,train
8hmy_B,train
3htx_D,train
4g92_C,train
8b4b_W,train
6zu9_m,train
6qkl_J,train
7zla_B,train
4m8b_R,train
6yrq_D,train
7r72_8,train
3v1z_A,train
8t66_B,train
8ugq_B,train
1jid_A,train
8rg0_u,train
1cf7_B,train
7amv_W,train
6o1k_A,train
3qyx_B,train
3ftf_A,train
2bpa_3,train
4zbn_B,train
2fmt_B,train
5c0x_G,train
6pax_A,train
5o5j_B,train
3a2k_B,train
8p8b_f,train
4v19_J,train
8opt_A,train
2qnf_B,train
8jnr_A,train
6ij2_D,train
7obq_u,train
8ovw_B,train
7z20_t,train
3m4a_A,train
9ix4_A,train
5f6c_A,train
8uru_A,train
2n82_B,train
6evj_C,train
2dp6_A,train
1yuj_A,train
8d8k_G,train
4v7f_R,train
3j0e_G,train
4s0n_D,train
7zs9_Q,train
8rza_A,train
8q72_I,train
6wfq_C,train
4cej_B,train
7ud5_M,train
6jni_A,train
6k0b_G,train
7ubl_A,train
8val_E,train
8d8l_2,train
6so9_A,train
2e1c_A,train
1f5e_P,train
5ady_7,train
3t79_D,train
7x34_C,train
7yrd_K,train
9eyi_A,train
7sbb_I,train
1m07_B,train
7r6k_G,train
5tsn_A,train
4cej_A,train
7r72_Z,train
5aj3_c,train
2ix1_A,train
1cez_A,train
2xhi_A,train
4hly_B,train
3h0d_A,train
7ozr_A,train
1zgw_A,train
5jh0_D,train
1d3u_B,train
4m6f_A,train
8rwv_B,train
8acb_A,train
6yym_A,train
8bf9_G,train
5jb3_1,train
7nad_U,train
8d8l_B,train
8ves_A,train
4c8y_A,train
9c4g_2,train
4qr9_A,train
6ahu_L,train
2bzf_A,train
8qp8_G,train
6cnf_R,train
4rtl_A,train
7zqs_D,train
8ia3_E,train
3tup_A,train
6ppv_E,train
3oij_B,train
8d8k_d,train
5mlc_8,train
4x2b_A,train
2l1g_A,train
1d5y_D,train
7pwf_Z,train
3mkw_B,train
7aqc_Y,train
2o49_A,train
6ahu_E,train
7dwr_D,train
3gxq_B,train
5ddg_A,train
7w5a_X,train
8ap4_A,train
3aev_B,train
5a0m_B,train
7prw_A,train
8gme_C,train
1tau_A,train
8gzr_A,train
5mmj_w,train
6v7b_w,train
7sp1_O,train
1lfu_P,train
7yzb_A,train
2zhg_A,train
7ju3_B,train
3ndh_A,train
1rnb_A,train
8eup_b,train
6n7p_M,train
8jkk_D,train
6s6b_D,train
6wre_A,train
7os0_A,train
5mmi_I,train
7xp3_A,train
6w11_A,train
8csh_D,val
3vw4_A,val
3i0x_A,val
8pth_C,val
3jd5_R,val
6zlc_A,val
6rfl_I,val
3jd5_F,val
8q7n_s,val
3waz_B,val
7dta_A,val
7x5k_A,val
8wpp_E,val
8e2l_B,val
6k0b_B,val
4pog_A,val
7yq3_F,val
1sc7_A,val
8vk7_4,val
3mvd_L,val
8sva_A,val
9c4g_z,val
6g18_v,val
8jsn_A,val
9cay_A,val
7ozs_C,val
8d8l_I,val
7k33_A,val
3zql_A,val
8csp_X,val
6c4h_v,val
8ijo_A,val
1ec6_A,val
3zpl_E,val
8yti_U,val
5do4_L,val
5ady_5,val
1ibm_S,val
3v11_B,val
4fcy_B,val
4ox9_Y,val
2kn7_D,val
1nb7_A,val
4csa_C,val
4fwt_A,val
2r0q_C,val
8csp_5,val
3j81_i,val
7ogk_A,val
8bao_A,val
8tg4_A,val
8hai_K,val
8cah_G,val
3ra0_A,val
7ojn_L,val
7ypq_A,val
1jj2_N,val
2ntz_A,val
6nd4_T,val
6m6v_D,val
1jj2_2,val
8fn2_Z,val
8d9g_A,val
6qkl_D,val
7jgs_A,val
3i5x_A,val
5xyi_M,val
8ffz_B,val
1pyi_A,val
3bdn_B,val
8oz7_A,val
5mmi_6,val
7pwf_U,val
7pwf_e,val
7f75_G,val
7tve_G,val
7a18_R,val
6ny5_A,val
4kji_B,val
3j7y_6,val
8fn2_T,val
3wzi_A,val
9esh_a,val
7pkq_h,val
8av6_J,val
1jj2_M,val
6vrb_A,val
4ato_A,val
6cf2_F,val
8ywi_A,val
8qu5_c,val
8asw_A,val
4evv_A,val
8ovw_L,val
8vnu_B,val
4v19_R,val
7c0m_K,val
8omr_A,val
5bk4_7,val
6r5k_H,val
7y8r_M,val
8cbm_E,val
4zcf_C,val
7p8q_A,val
8zdc_y,val
6id0_P,val
3q05_A,val
1t2r_A,val
7d8t_B,val
9fy0_a,val
7pkq_y,val
5mlc_4,val
5wtk_A,val
3d6y_A,val
7syv_x,val
7fgi_L,val
2m8d_B,val
8fn2_i,val
8qrl_G,val
6sic_t,val
3adi_A,val
8zyd_B,val
6v4x_C,val
6mut_F,val
8d8k_E,val
8r7y_A,val
2vla_A,val
8cwo_P,val
4zpk_B,val
6c0f_E,val
7p8v_A,val
2hvy_C,val
2heo_A,val
8fn2_b,val
8qhc_A,val
6grd_A,val
8cwo_T,val
6ogj_B,val
5u9b_A,val
5dny_B,val
8fzr_A,val
3bs1_A,val
6erp_A,val
7pwf_H,val
7mtl_A,val
2v6e_B,val
6bwy_B,val
8gbj_D,val
8rg0_x,val
5anc_G,val
4xr0_A,val
3wfr_H,val
7xpl_E,val
7ne6_A,val
4ilm_J,val
1rkj_A,val
7r07_F,val
6m7k_A,val
5c8e_G,val
4zcf_A,val
5an9_H,val
1u3e_M,val
7pkq_p,val
3fc3_A,val
2xro_B,val
7b0h_F,val
2lev_A,val
3mzh_B,val
7y38_Y,val
1ph1_B,val
8dfv_K,val
5zko_H,val
8b4h_C,val
2iif_A,val
7wtx_t,val
8rg0_8,val
8j62_H,val
2f8t_A,val
8p8b_c,val
7of0_5,val
8t5s_A,val
3j7y_S,val
3bbb_B,val
8oel_H,val
5v7q_T,val
3af6_A,val
6pe2_H,val
2ofi_A,val
6n7p_G,val
3w6v_A,val
6xl1_A,val
8eg0_B,val
4e54_B,val
9gch_C,val
2f8k_A,val
3b0u_Y,val
2ypb_A,val
8v08_B,val
4awl_A,val
4uer_X,val
8e5t_5,val
7pmq_A,val
